iteration,error_magnitude,distance_to_target,oracle_orientation_diff,num_matched_keypoints,robot_pos_x,robot_pos_y,robot_pos_z,robot_orn_x,robot_orn_y,robot_orn_z,target_pos_x,target_pos_y,target_pos_z,image_path
0,1529.231812,2.577284,0.393407,58,0.208340,0.000000,1.435360,-0.234460,0.098650,-0.300110,0.750000,2.500000,1.750000,/tmp/ibvs_dist_img.png
1,964.257812,2.552941,0.387739,56,0.217188,0.018679,1.473111,-0.218548,0.089051,-0.307649,0.750000,2.500000,1.750000,/tmp/ibvs_dist_img.png
2,676.888000,2.527739,0.379652,50,0.227331,0.038585,1.509748,-0.202976,0.079443,-0.310846,0.750000,2.500000,1.750000,/tmp/ibvs_dist_img.png
3,298.632812,2.501662,0.374223,51,0.228914,0.061723,1.546077,-0.190036,0.071831,-0.314276,0.750000,2.500000,1.750000,/tmp/ibvs_dist_img.png
4,141.796875,2.476801,0.372282,50,0.234274,0.083281,1.582551,-0.178802,0.064125,-0.320174,0.750000,2.500000,1.750000,/tmp/ibvs_dist_img.png
5,72.916664,2.450133,0.366446,51,0.241233,0.106946,1.617341,-0.167157,0.056477,-0.321172,0.750000,2.500000,1.750000,/tmp/ibvs_dist_img.png
6,237.044266,2.426011,0.362129,54,0.236386,0.130984,1.652582,-0.155295,0.049153,-0.323427,0.750000,2.500000,1.750000,/tmp/ibvs_dist_img.png
7,83.789062,2.400027,0.359912,60,0.240475,0.155531,1.686923,-0.145575,0.043129,-0.326320,0.750000,2.500000,1.750000,/tmp/ibvs_dist_img.png
8,343.815094,2.373926,0.358146,58,0.241901,0.181272,1.720600,-0.137943,0.038070,-0.328315,0.750000,2.500000,1.750000,/tmp/ibvs_dist_img.png
9,268.489594,2.343821,0.357785,55,0.242280,0.211831,1.750563,-0.133387,0.034250,-0.330220,0.750000,2.500000,1.750000,/tmp/ibvs_dist_img.png
10,349.479156,2.314641,0.358522,50,0.245635,0.241190,1.780946,-0.128593,0.030659,-0.333260,0.750000,2.500000,1.750000,/tmp/ibvs_dist_img.png
11,450.195312,2.281509,0.359065,53,0.252259,0.274182,1.807206,-0.124713,0.027400,-0.335594,0.750000,2.500000,1.750000,/tmp/ibvs_dist_img.png
12,739.322937,2.256494,0.336729,57,0.248860,0.301656,1.838929,-0.119099,0.025962,-0.313891,0.750000,2.500000,1.750000,/tmp/ibvs_dist_img.png
13,829.882812,2.216104,0.315712,55,0.275478,0.337408,1.845617,-0.113058,0.023595,-0.293829,0.750000,2.500000,1.750000,/tmp/ibvs_dist_img.png
14,1036.718750,2.184229,0.296963,64,0.299871,0.365801,1.865909,-0.104882,0.021918,-0.276959,0.750000,2.500000,1.750000,/tmp/ibvs_dist_img.png
15,1285.416626,2.139962,0.278534,64,0.311457,0.409029,1.872302,-0.092787,0.019212,-0.261921,0.750000,2.500000,1.750000,/tmp/ibvs_dist_img.png
16,1396.614624,2.104958,0.262239,64,0.320704,0.444318,1.893968,-0.086644,0.017267,-0.246909,0.750000,2.500000,1.750000,/tmp/ibvs_dist_img.png
17,1533.984375,2.070826,0.243269,65,0.358473,0.471256,1.888658,-0.081158,0.016265,-0.228754,0.750000,2.500000,1.750000,/tmp/ibvs_dist_img.png
18,1552.539062,2.027545,0.221636,74,0.382712,0.510544,1.884545,-0.074445,0.014685,-0.208242,0.750000,2.500000,1.750000,/tmp/ibvs_dist_img.png
19,1428.385376,1.981711,0.212940,78,0.400773,0.553280,1.874497,-0.070162,0.012989,-0.200629,0.750000,2.500000,1.750000,/tmp/ibvs_dist_img.png
20,1290.625000,1.945849,0.199890,80,0.435429,0.582819,1.858581,-0.067880,0.012763,-0.187578,0.750000,2.500000,1.750000,/tmp/ibvs_dist_img.png
21,1058.072876,1.909477,0.189495,81,0.469056,0.613778,1.846636,-0.062460,0.010894,-0.178573,0.750000,2.500000,1.750000,/tmp/ibvs_dist_img.png
22,1070.052124,1.885514,0.174773,79,0.509669,0.632459,1.848454,-0.056266,0.010277,-0.165149,0.750000,2.500000,1.750000,/tmp/ibvs_dist_img.png
23,752.018250,1.850640,0.160351,87,0.529362,0.663578,1.811179,-0.052728,0.009919,-0.151109,0.750000,2.500000,1.750000,/tmp/ibvs_dist_img.png
24,772.786438,1.815787,0.148537,89,0.559059,0.695467,1.815457,-0.048342,0.009174,-0.140150,0.750000,2.500000,1.750000,/tmp/ibvs_dist_img.png
25,653.645813,1.774327,0.142923,91,0.578040,0.735321,1.817638,-0.044359,0.008185,-0.135618,0.750000,2.500000,1.750000,/tmp/ibvs_dist_img.png
26,655.533875,1.734415,0.131802,99,0.598154,0.773743,1.821934,-0.040323,0.007783,-0.125240,0.750000,2.500000,1.750000,/tmp/ibvs_dist_img.png
27,466.210938,1.690278,0.130870,106,0.609063,0.816398,1.801573,-0.038507,0.007123,-0.124873,0.750000,2.500000,1.750000,/tmp/ibvs_dist_img.png
28,322.460938,1.651160,0.131406,112,0.632730,0.853751,1.799402,-0.037595,0.006319,-0.125755,0.750000,2.500000,1.750000,/tmp/ibvs_dist_img.png
29,273.307281,1.605383,0.121813,116,0.632401,0.899463,1.791321,-0.035035,0.005839,-0.116520,0.750000,2.500000,1.750000,/tmp/ibvs_dist_img.png
30,279.101562,1.569893,0.119021,130,0.644130,0.934781,1.808675,-0.031959,0.005068,-0.114538,0.750000,2.500000,1.750000,/tmp/ibvs_dist_img.png
31,137.109375,1.538256,0.109128,126,0.628449,0.966656,1.767678,-0.027781,0.004488,-0.105437,0.750000,2.500000,1.750000,/tmp/ibvs_dist_img.png
32,101.953125,1.514118,0.101691,129,0.663280,0.988599,1.776454,-0.026336,0.004406,-0.098122,0.750000,2.500000,1.750000,/tmp/ibvs_dist_img.png
33,261.132812,1.491677,0.095625,135,0.635689,1.013554,1.800115,-0.022568,0.003813,-0.092845,0.750000,2.500000,1.750000,/tmp/ibvs_dist_img.png
34,52.734375,1.484165,0.091717,133,0.666643,1.018192,1.756486,-0.020452,0.003399,-0.089343,0.750000,2.500000,1.750000,/tmp/ibvs_dist_img.png
35,127.669273,1.463364,0.091678,142,0.661177,1.039885,1.790099,-0.019951,0.002778,-0.089438,0.750000,2.500000,1.750000,/tmp/ibvs_dist_img.png
36,16.341146,1.441717,0.086325,144,0.667950,1.060656,1.739777,-0.016575,0.002219,-0.084690,0.750000,2.500000,1.750000,/tmp/ibvs_dist_img.png
37,70.963539,1.435184,0.086769,147,0.671955,1.067236,1.779149,-0.014847,0.001818,-0.085470,0.750000,2.500000,1.750000,/tmp/ibvs_dist_img.png
38,24.153646,1.408807,0.080551,148,0.659098,1.094230,1.733128,-0.014271,0.001687,-0.079259,0.750000,2.500000,1.750000,/tmp/ibvs_dist_img.png
39,42.968750,1.408047,0.074122,147,0.675803,1.094050,1.769885,-0.013012,0.001228,-0.072961,0.750000,2.500000,1.750000,/tmp/ibvs_dist_img.png
40,22.330729,1.386518,0.069803,157,0.708229,1.114164,1.737842,-0.012066,0.000790,-0.068748,0.750000,2.500000,1.750000,/tmp/ibvs_dist_img.png
41,56.119793,1.386141,0.060929,155,0.667901,1.116350,1.762649,-0.009484,0.001190,-0.060175,0.750000,2.500000,1.750000,/tmp/ibvs_dist_img.png
42,5.794271,1.387321,0.055677,154,0.713967,1.113147,1.749448,-0.006631,0.001215,-0.055267,0.750000,2.500000,1.750000,/tmp/ibvs_dist_img.png
43,83.398438,1.383431,0.051205,148,0.666958,1.119128,1.763335,-0.005902,0.001314,-0.050847,0.750000,2.500000,1.750000,/tmp/ibvs_dist_img.png
44,0.781250,1.386287,0.052904,148,0.712759,1.114217,1.747048,-0.006236,0.001254,-0.052520,0.750000,2.500000,1.750000,/tmp/ibvs_dist_img.png
45,86.848961,1.381495,0.051492,151,0.673198,1.120805,1.771236,-0.006137,0.000774,-0.051119,0.750000,2.500000,1.750000,/tmp/ibvs_dist_img.png
46,0.195312,1.383974,0.048859,160,0.716106,1.116453,1.744241,-0.006367,0.000725,-0.048437,0.750000,2.500000,1.750000,/tmp/ibvs_dist_img.png
47,84.505211,1.382754,0.046302,151,0.682791,1.119109,1.775136,-0.005265,0.000464,-0.046000,0.750000,2.500000,1.750000,/tmp/ibvs_dist_img.png
48,8.723958,1.384922,0.047898,152,0.718373,1.115516,1.735381,-0.006182,0.000772,-0.047491,0.750000,2.500000,1.750000,/tmp/ibvs_dist_img.png
49,58.007812,1.384271,0.047435,149,0.690235,1.117162,1.769872,-0.004929,0.000165,-0.047178,0.750000,2.500000,1.750000,/tmp/ibvs_dist_img.png
50,18.098959,1.384194,0.048218,154,0.728646,1.116058,1.734471,-0.005309,0.000146,-0.047924,0.750000,2.500000,1.750000,/tmp/ibvs_dist_img.png
51,33.528645,1.384349,0.047116,146,0.688481,1.117052,1.759653,-0.003954,0.000208,-0.046949,0.750000,2.500000,1.750000,/tmp/ibvs_dist_img.png
52,11.263021,1.384881,0.044371,152,0.732409,1.115300,1.736131,-0.003062,-0.000101,-0.044266,0.750000,2.500000,1.750000,/tmp/ibvs_dist_img.png
53,37.239582,1.384294,0.043323,160,0.687272,1.117137,1.754800,-0.002171,-0.000259,-0.043268,0.750000,2.500000,1.750000,/tmp/ibvs_dist_img.png
54,11.523438,1.385718,0.044592,158,0.733331,1.114382,1.750446,-0.001980,-0.000629,-0.044543,0.750000,2.500000,1.750000,/tmp/ibvs_dist_img.png
55,61.848957,1.385565,0.042424,154,0.680206,1.116198,1.746720,-0.001916,-0.000955,-0.042370,0.750000,2.500000,1.750000,/tmp/ibvs_dist_img.png
56,5.859375,1.387626,0.043896,158,0.725766,1.112590,1.746784,-0.001667,-0.001027,-0.043853,0.750000,2.500000,1.750000,/tmp/ibvs_dist_img.png
57,75.195312,1.383579,0.043393,157,0.677355,1.118351,1.757815,-0.001591,-0.000752,-0.043358,0.750000,2.500000,1.750000,/tmp/ibvs_dist_img.png
58,3.059896,1.385983,0.040298,145,0.723057,1.114309,1.740945,-0.001396,-0.000536,-0.040270,0.750000,2.500000,1.750000,/tmp/ibvs_dist_img.png
59,98.502602,1.382150,0.040116,152,0.686901,1.119420,1.768906,-0.000789,-0.000492,-0.040105,0.750000,2.500000,1.750000,/tmp/ibvs_dist_img.png
60,7.682292,1.384849,0.041115,159,0.723426,1.115546,1.730344,-0.002059,-0.000292,-0.041063,0.750000,2.500000,1.750000,/tmp/ibvs_dist_img.png
61,52.148438,1.385214,0.038558,154,0.697960,1.115861,1.766416,-0.001090,-0.000515,-0.038539,0.750000,2.500000,1.750000,/tmp/ibvs_dist_img.png
62,17.513021,1.385825,0.041268,155,0.735258,1.114409,1.729244,-0.000666,-0.000155,-0.041262,0.750000,2.500000,1.750000,/tmp/ibvs_dist_img.png
63,29.492188,1.386656,0.040251,151,0.694064,1.114477,1.753453,0.000217,-0.000623,-0.040246,0.750000,2.500000,1.750000,/tmp/ibvs_dist_img.png
64,16.276041,1.386116,0.037160,157,0.739500,1.113987,1.736764,0.000499,-0.000614,-0.037152,0.750000,2.500000,1.750000,/tmp/ibvs_dist_img.png
65,52.734375,1.386414,0.036454,153,0.691752,1.114811,1.751271,0.002513,-0.000418,-0.036365,0.750000,2.500000,1.750000,/tmp/ibvs_dist_img.png
66,14.713542,1.387561,0.037700,158,0.737954,1.112502,1.744648,0.002447,-0.000446,-0.037618,0.750000,2.500000,1.750000,/tmp/ibvs_dist_img.png
67,58.593750,1.386938,0.036987,154,0.686093,1.114537,1.747895,0.002578,-0.000452,-0.036894,0.750000,2.500000,1.750000,/tmp/ibvs_dist_img.png
68,7.356771,1.388738,0.038419,148,0.732288,1.111395,1.742661,0.002643,-0.000372,-0.038327,0.750000,2.500000,1.750000,/tmp/ibvs_dist_img.png
69,71.158852,1.384893,0.037859,153,0.681822,1.116787,1.748503,0.004636,0.000118,-0.037574,0.750000,2.500000,1.750000,/tmp/ibvs_dist_img.png
70,7.552083,1.387353,0.039515,154,0.727886,1.112912,1.734303,0.004648,0.000349,-0.039239,0.750000,2.500000,1.750000,/tmp/ibvs_dist_img.png
71,80.208336,1.384725,0.038931,156,0.686770,1.116741,1.757652,0.005322,0.000144,-0.038566,0.750000,2.500000,1.750000,/tmp/ibvs_dist_img.png
72,1.757812,1.386344,0.040321,150,0.729640,1.113941,1.730684,0.004827,0.000285,-0.040030,0.750000,2.500000,1.750000,/tmp/ibvs_dist_img.png
73,58.268230,1.385866,0.040027,159,0.692379,1.115359,1.758594,0.005917,0.000407,-0.039585,0.750000,2.500000,1.750000,/tmp/ibvs_dist_img.png
74,5.989583,1.387232,0.037743,158,0.732475,1.113089,1.725815,0.007797,0.000581,-0.036925,0.750000,2.500000,1.750000,/tmp/ibvs_dist_img.png
75,50.651043,1.386696,0.037328,161,0.699437,1.114245,1.757228,0.009080,0.000389,-0.036205,0.750000,2.500000,1.750000,/tmp/ibvs_dist_img.png
76,12.630208,1.387203,0.037986,146,0.733858,1.113299,1.716339,0.008429,0.000610,-0.037034,0.750000,2.500000,1.750000,/tmp/ibvs_dist_img.png
77,42.578125,1.388034,0.037330,149,0.700050,1.112867,1.747459,0.009394,0.000447,-0.036126,0.750000,2.500000,1.750000,/tmp/ibvs_dist_img.png
78,9.309896,1.387074,0.038382,154,0.743572,1.113198,1.723253,0.009355,0.000737,-0.037217,0.750000,2.500000,1.750000,/tmp/ibvs_dist_img.png
79,33.854168,1.387438,0.037754,150,0.698070,1.113559,1.741769,0.010204,0.000776,-0.036340,0.750000,2.500000,1.750000,/tmp/ibvs_dist_img.png
80,12.304688,1.386852,0.038603,164,0.744081,1.113241,1.735041,0.010419,0.000766,-0.037163,0.750000,2.500000,1.750000,/tmp/ibvs_dist_img.png
81,55.143230,1.387006,0.037728,155,0.692338,1.114233,1.739494,0.010779,0.000414,-0.036154,0.750000,2.500000,1.750000,/tmp/ibvs_dist_img.png
82,15.104167,1.387578,0.038904,153,0.738082,1.112529,1.737512,0.011018,0.000372,-0.037310,0.750000,2.500000,1.750000,/tmp/ibvs_dist_img.png
83,69.986977,1.385780,0.038241,148,0.686343,1.115715,1.740535,0.011446,0.000427,-0.036485,0.750000,2.500000,1.750000,/tmp/ibvs_dist_img.png
84,4.492188,1.387795,0.039679,152,0.732626,1.112462,1.729754,0.011560,0.000167,-0.037957,0.750000,2.500000,1.750000,/tmp/ibvs_dist_img.png
85,91.406250,1.386282,0.039164,153,0.687853,1.115112,1.748672,0.012484,0.000014,-0.037121,0.750000,2.500000,1.750000,/tmp/ibvs_dist_img.png
86,4.492188,1.388050,0.040398,160,0.732179,1.112272,1.725965,0.012291,-0.000166,-0.038483,0.750000,2.500000,1.750000,/tmp/ibvs_dist_img.png
87,63.541668,1.386496,0.040273,156,0.691659,1.114732,1.750375,0.013136,0.000117,-0.038070,0.750000,2.500000,1.750000,/tmp/ibvs_dist_img.png
88,7.421875,1.386628,0.040859,149,0.735197,1.113666,1.725621,0.012415,0.000208,-0.038926,0.750000,2.500000,1.750000,/tmp/ibvs_dist_img.png
89,47.005207,1.386407,0.040349,155,0.690100,1.114899,1.744473,0.013569,0.000170,-0.037998,0.750000,2.500000,1.750000,/tmp/ibvs_dist_img.png
90,5.924479,1.387454,0.041342,156,0.735535,1.112816,1.726761,0.013322,0.000018,-0.039136,0.750000,2.500000,1.750000,/tmp/ibvs_dist_img.png
91,62.500000,1.387222,0.040598,148,0.688083,1.114186,1.741670,0.014518,-0.000050,-0.037913,0.750000,2.500000,1.750000,/tmp/ibvs_dist_img.png
92,3.450521,1.388543,0.041866,149,0.733198,1.111836,1.722215,0.014314,-0.000014,-0.039343,0.750000,2.500000,1.750000,/tmp/ibvs_dist_img.png
93,72.460938,1.388120,0.041251,151,0.692028,1.113097,1.746179,0.014283,0.000216,-0.038699,0.750000,2.500000,1.750000,/tmp/ibvs_dist_img.png
94,13.476562,1.388188,0.042233,143,0.734584,1.112247,1.718843,0.013967,0.000133,-0.039857,0.750000,2.500000,1.750000,/tmp/ibvs_dist_img.png
95,45.182293,1.388455,0.041963,158,0.697505,1.112541,1.747147,0.015096,-0.000075,-0.039154,0.750000,2.500000,1.750000,/tmp/ibvs_dist_img.png
96,13.346354,1.387551,0.043080,154,0.737931,1.112930,1.715504,0.014960,-0.000015,-0.040399,0.750000,2.500000,1.750000,/tmp/ibvs_dist_img.png
97,30.468750,1.387879,0.042277,158,0.695964,1.113219,1.738787,0.016090,-0.000270,-0.039095,0.750000,2.500000,1.750000,/tmp/ibvs_dist_img.png
98,8.984375,1.387898,0.042999,154,0.740529,1.112510,1.717723,0.015739,0.000087,-0.040015,0.750000,2.500000,1.750000,/tmp/ibvs_dist_img.png
99,52.799480,1.388085,0.041877,143,0.694071,1.113127,1.734654,0.016259,-0.000158,-0.038592,0.750000,2.500000,1.750000,/tmp/ibvs_dist_img.png
